<?xml version="1.0" encoding="utf-8" ?>
<dwsync>
<file name=".htaccess" server="ftp.downeastintergroup.org" local="130090024533222056" remote="129105072000000000" Dst="2" />
<file name="1st-ed-spine-bkgnd.jpg" server="ftp.downeastintergroup.org" local="130090024537412296" remote="129172464000000000" Dst="2" />
<file name="aalogowk.ico" server="ftp.downeastintergroup.org" local="130090024539552418" remote="129556944000000000" Dst="2" />
<file name="animated-messages-small2.gif" server="ftp.downeastintergroup.org" local="130090024541982557" remote="129105072000000000" Dst="2" />
<file name="arrow.gif" server="ftp.downeastintergroup.org" local="130090024545912782" remote="129105072000000000" Dst="2" />
<file name="bottom.gif" server="ftp.downeastintergroup.org" local="130090024548182912" remote="129105072000000000" Dst="2" />
<file name="contacts.html" server="ftp.downeastintergroup.org" local="130090024550533046" remote="130069041600000000" Dst="2" />
<file name="deigapr2012.css" server="ftp.downeastintergroup.org" local="130090024555663340" remote="129888720000000000" Dst="2" />
<file name="deigblank.html" server="ftp.downeastintergroup.org" local="130090024559133538" remote="129440304000000000" Dst="2" />
<file name="deigfeb2010.css" server="ftp.downeastintergroup.org" local="130090024562513732" remote="129172464000000000" Dst="2" />
<file name="deigfeb2011.css" server="ftp.downeastintergroup.org" local="130090024565973929" remote="129702960000000000" Dst="2" />
<file name="events.html" server="ftp.downeastintergroup.org" local="130090024569854151" remote="130069037400000000" Dst="2" />
<file name="home.htm" server="ftp.downeastintergroup.org" local="130090024572704314" remote="129105072000000000" Dst="2" />
<file name="index.html" server="ftp.downeastintergroup.org" local="130090024623827238" remote="130069051800000000" Dst="2" />
<file name="logo-netsol.gif" server="ftp.downeastintergroup.org" local="130090024628207489" remote="129105072000000000" Dst="2" />
<file name="meetinglist.html" server="ftp.downeastintergroup.org" local="130090024632977762" remote="130069037400000000" Dst="2" />
<file name="mobiledeigapr2012.css" server="ftp.downeastintergroup.org" local="130090024637268007" remote="129780720000000000" Dst="2" />
<file name="mobiledeigfeb2010.css" server="ftp.downeastintergroup.org" local="130090024641358241" remote="129172464000000000" Dst="2" />
<file name="mobiledeigfeb2011.css" server="ftp.downeastintergroup.org" local="130090024645348469" remote="129633840000000000" Dst="2" />
<file name="mobilemeetinglist.html" server="ftp.downeastintergroup.org" local="130090024649398701" remote="130069041000000000" Dst="2" />
<file name="redball2.gif" server="ftp.downeastintergroup.org" local="130090024704171834" remote="129113712000000000" Dst="2" />
<file name="style.css" server="ftp.downeastintergroup.org" local="130090024707912048" remote="129105072000000000" Dst="2" />
<file name="top.gif" server="ftp.downeastintergroup.org" local="130090024709732152" remote="129105072000000000" Dst="2" />
<file name="waterbackground-deep.jpg" server="ftp.downeastintergroup.org" local="130090024712192293" remote="129780720000000000" Dst="2" />
<file name="waterbackground.jpg" server="ftp.downeastintergroup.org" local="130090024713692378" remote="129146544000000000" Dst="2" />
</dwsync>