<?xml version="1.0" encoding="utf-8" ?>
<dwsync>
<file name="1st-ed-spine-bkgndbottom.jpg" server="ftp.downeastintergroup.org" local="130090024575054449" remote="129428208000000000" Dst="2" />
<file name="1st-ed-spine-bkgndtop.jpg" server="ftp.downeastintergroup.org" local="130090024579234688" remote="129428208000000000" Dst="2" />
<file name="SavE0.tmp" server="ftp.downeastintergroup.org" local="130090024575484473" remote="129113712000000000" Dst="2" />
<file name="aa-logo.gif" server="ftp.downeastintergroup.org" local="130090024586695115" remote="129113712000000000" Dst="2" />
<file name="Thumbs.db" server="ftp.downeastintergroup.org" local="130090024587725174" remote="129113712000000000" Dst="2" />
<file name="aalogowk.gif" server="ftp.downeastintergroup.org" local="130090024591185371" remote="129125808000000000" Dst="2" />
<file name="aalogowk.jpg" server="ftp.downeastintergroup.org" local="130090024594695572" remote="129113712000000000" Dst="2" />
<file name="index.html" server="ftp.downeastintergroup.org" local="130090024597055707" remote="129113712000000000" Dst="2" />
<file name="newstoon-may2012.png" server="ftp.downeastintergroup.org" local="130090024600425900" remote="129805776000000000" Dst="2" />
<file name="redball.gif" server="ftp.downeastintergroup.org" local="130090024602726032" remote="129113712000000000" Dst="2" />
<file name="7-year celebration poster.jpeg" server="ftp.downeastintergroup.org" local="130090024602736032" remote="129945461400000000" Dst="2" />
<file name="redball2.jpg" server="ftp.downeastintergroup.org" local="130090024606726260" remote="129113712000000000" Dst="2" />
<file name="redball2.gif" server="ftp.downeastintergroup.org" local="130090024607876326" remote="129113712000000000" Dst="2" />
<file name="springfling2011-newposter.jpg" server="ftp.downeastintergroup.org" local="130090024613926672" remote="129452400000000000" Dst="2" />
<file name="springfling2011-newposter.pdf" server="ftp.downeastintergroup.org" local="130090024614306694" remote="129452400000000000" Dst="2" />
<file name="waterbackground.jpg" server="ftp.downeastintergroup.org" local="130090024619376984" remote="129113712000000000" Dst="2" />
<file name="springfling2011-poster.pdf" server="ftp.downeastintergroup.org" local="130090024655659059" remote="129428208000000000" Dst="2" />
<file name="springfling2011-poster.jpg" server="ftp.downeastintergroup.org" local="130090024662309440" remote="129428208000000000" Dst="2" />
</dwsync>