<?xml version="1.0" encoding="utf-8" ?>
<dwsync>
<file name="april2010-1-newsletter.pdf" server="ftp.downeastintergroup.org" local="130090024654008965" remote="129149136000000000" Dst="2" />
<file name="april2010-2-newsletter.pdf" server="ftp.downeastintergroup.org" local="130090024658109199" remote="129149136000000000" Dst="2" />
<file name="feb2011-1.pdf" server="ftp.downeastintergroup.org" local="130090024659419274" remote="129426480000000000" Dst="2" />
<file name="feb2011-2.pdf" server="ftp.downeastintergroup.org" local="130090024663009480" remote="129426480000000000" Dst="2" />
<file name="july 2010-1.pdf" server="ftp.downeastintergroup.org" local="130090024664319555" remote="129239856000000000" Dst="2" />
<file name="july 2010-2.pdf" server="ftp.downeastintergroup.org" local="130090024667729750" remote="129239856000000000" Dst="2" />
<file name="mar11-1.pdf" server="ftp.downeastintergroup.org" local="130090024668649802" remote="129440304000000000" Dst="2" />
<file name="mar11-2.pdf" server="ftp.downeastintergroup.org" local="130090024672420018" remote="129440304000000000" Dst="2" />
<file name="may2010-1-newsletter.pdf" server="ftp.downeastintergroup.org" local="130090024672430018" remote="129170736000000000" Dst="2" />
<file name="may2010-2-newsletter.pdf" server="ftp.downeastintergroup.org" local="130090024673380073" remote="129170736000000000" Dst="2" />
<file name="newsletter-feb2012.pdf" server="ftp.downeastintergroup.org" local="130090024679110401" remote="129725424000000000" Dst="2" />
<file name="newsletter-jan2012.pdf" server="ftp.downeastintergroup.org" local="130090024679270410" remote="129856752000000000" Dst="2" />
<file name="newsletter-aug2012.pdf" server="ftp.downeastintergroup.org" local="130090024682940620" remote="129887856000000000" Dst="2" />
<file name="newsletter-nov2012.pdf" server="ftp.downeastintergroup.org" local="130090024688300926" remote="129970518000000000" Dst="2" />
<file name="newsletter-july2012.pdf" server="ftp.downeastintergroup.org" local="130090024690531054" remote="129856752000000000" Dst="2" />
<file name="newsletter-may2012.pdf" server="ftp.downeastintergroup.org" local="130090024694031254" remote="129804912000000000" Dst="2" />
<file name="newsletter-oct2012.pdf" server="ftp.downeastintergroup.org" local="130090024695891360" remote="129945444600000000" Dst="2" />
<file name="newsletterfeb2013.pdf" server="ftp.downeastintergroup.org" local="130090024696131374" remote="130045062000000000" Dst="2" />
<file name="newslettermar2013.pdf" server="ftp.downeastintergroup.org" local="130090024698491509" remote="130069045800000000" Dst="2" />
<file name="xyzmarch2010-2-newsletter.pdf" server="ftp.downeastintergroup.org" local="130090024700901647" remote="129143088000000000" Dst="2" />
<file name="xyzmarch2010-1-newsletter.pdf" server="ftp.downeastintergroup.org" local="130090024701761696" remote="129143088000000000" Dst="2" />
</dwsync>